{"cameraMode":{"drawMode":0,"name":"Shaded","section":"Shading Mode"},"sceneLighting":true,"audioPlay":false,"sceneViewState":{"m_AlwaysRefresh":false,"showFog":true,"showSkybox":true,"showFlares":true,"showImageEffects":true,"showParticleSystems":true,"showVisualEffectGraphs":true,"m_FxEnabled":true},"in2DMode":false,"pivot":{"x":-0.8989118337631226,"y":-0.249396413564682,"z":0.7555369138717651},"rotation":{"x":-0.07926657795906067,"y":0.8220965266227722,"z":-0.11820801347494126,"w":-0.5512721538543701},"size":3.6314005851745607,"orthographic":false}